{
  "f1_macro": 0.9082382544839924,
  "classification_report": {
    "0": {
      "precision": 0.9237379162191193,
      "recall": 0.8565737051792829,
      "f1-score": 0.8888888888888888,
      "support": 1004.0
    },
    "1": {
      "precision": 0.8690851735015773,
      "recall": 0.9378723404255319,
      "f1-score": 0.9021694637740483,
      "support": 1175.0
    },
    "2": {
      "precision": 0.9368770764119602,
      "recall": 0.9360995850622407,
      "f1-score": 0.9364881693648817,
      "support": 1205.0
    },
    "3": {
      "precision": 0.9771598808341608,
      "recall": 0.9752229930624381,
      "f1-score": 0.9761904761904762,
      "support": 1009.0
    },
    "4": {
      "precision": 0.8706811451135242,
      "recall": 0.8689655172413793,
      "f1-score": 0.8698224852071006,
      "support": 1015.0
    },
    "5": {
      "precision": 0.8733401430030644,
      "recall": 0.8558558558558559,
      "f1-score": 0.8645096056622852,
      "support": 999.0
    },
    "6": {
      "precision": 0.953953953953954,
      "recall": 0.9549098196392786,
      "f1-score": 0.9544316474712068,
      "support": 998.0
    },
    "7": {
      "precision": 0.871694417238002,
      "recall": 0.8751229105211407,
      "f1-score": 0.873405299313052,
      "support": 1017.0
    },
    "accuracy": 0.9088102588458798,
    "macro avg": {
      "precision": 0.9095662132844202,
      "recall": 0.9075778408733935,
      "f1-score": 0.9082382544839924,
      "support": 8422.0
    },
    "weighted avg": {
      "precision": 0.9093168578857531,
      "recall": 0.9088102588458798,
      "f1-score": 0.9087186999595456,
      "support": 8422.0
    }
  },
  "svm_path": "src\\mlflow\\mlruns\\svm.joblib",
  "accuracy": 0.9088102588458798,
  "mlflow_run_id": "51f916f744ad4a2583040b884207e5ef"
}