{
  "f1_macro": 0.9078665003592361,
  "classification_report": {
    "0": {
      "precision": 0.924812030075188,
      "recall": 0.8575697211155379,
      "f1-score": 0.889922480620155,
      "support": 1004.0
    },
    "1": {
      "precision": 0.8691883372734437,
      "recall": 0.9387234042553192,
      "f1-score": 0.9026186579378068,
      "support": 1175.0
    },
    "2": {
      "precision": 0.9375520399666945,
      "recall": 0.9344398340248963,
      "f1-score": 0.9359933499584372,
      "support": 1205.0
    },
    "3": {
      "precision": 0.9761904761904762,
      "recall": 0.9752229930624381,
      "f1-score": 0.9757064947942489,
      "support": 1009.0
    },
    "4": {
      "precision": 0.8689655172413793,
      "recall": 0.8689655172413793,
      "f1-score": 0.8689655172413793,
      "support": 1015.0
    },
    "5": {
      "precision": 0.8710337768679631,
      "recall": 0.8518518518518519,
      "f1-score": 0.861336032388664,
      "support": 999.0
    },
    "6": {
      "precision": 0.953953953953954,
      "recall": 0.9549098196392786,
      "f1-score": 0.9544316474712068,
      "support": 998.0
    },
    "7": {
      "precision": 0.8718199608610567,
      "recall": 0.8761061946902655,
      "f1-score": 0.8739578224619912,
      "support": 1017.0
    },
    "accuracy": 0.9084540489194965,
    "macro avg": {
      "precision": 0.9091895115537694,
      "recall": 0.9072236669851209,
      "f1-score": 0.9078665003592361,
      "support": 8422.0
    },
    "weighted avg": {
      "precision": 0.908974550280299,
      "recall": 0.9084540489194965,
      "f1-score": 0.908362802130522,
      "support": 8422.0
    }
  },
  "svm_path": "models\\text\\svm.joblib",
  "accuracy": 0.9084540489194965,
  "mlflow_run_id": "5cacefcce2fc4375a7a870516046b76b"
}