{
  "f1_macro": 0.893214826558477,
  "classification_report": {
    "0": {
      "precision": 0.908008658008658,
      "recall": 0.8356573705179283,
      "f1-score": 0.8703319502074689,
      "support": 1004.0
    },
    "1": {
      "precision": 0.8490712074303406,
      "recall": 0.9336170212765957,
      "f1-score": 0.8893392784758817,
      "support": 1175.0
    },
    "2": {
      "precision": 0.9224936815501263,
      "recall": 0.9087136929460581,
      "f1-score": 0.9155518394648829,
      "support": 1205.0
    },
    "3": {
      "precision": 0.9728915662650602,
      "recall": 0.9603567888999008,
      "f1-score": 0.9665835411471322,
      "support": 1009.0
    },
    "4": {
      "precision": 0.857566765578635,
      "recall": 0.8541871921182266,
      "f1-score": 0.8558736426456071,
      "support": 1015.0
    },
    "5": {
      "precision": 0.8511066398390342,
      "recall": 0.8468468468468469,
      "f1-score": 0.8489713998996488,
      "support": 999.0
    },
    "6": {
      "precision": 0.9438877755511023,
      "recall": 0.9438877755511023,
      "f1-score": 0.9438877755511023,
      "support": 998.0
    },
    "7": {
      "precision": 0.8539215686274509,
      "recall": 0.856440511307768,
      "f1-score": 0.8551791850760923,
      "support": 1017.0
    },
    "accuracy": 0.8936119686535264,
    "macro avg": {
      "precision": 0.8948684828563009,
      "recall": 0.8924633999330533,
      "f1-score": 0.893214826558477,
      "support": 8422.0
    },
    "weighted avg": {
      "precision": 0.894523376105001,
      "recall": 0.8936119686535264,
      "f1-score": 0.8935954757536839,
      "support": 8422.0
    }
  },
  "svm_path": "models\\text\\svm.joblib"
}