{
  "0": {
    "precision": 0.9254859611231101,
    "recall": 0.853585657370518,
    "f1-score": 0.8880829015544042,
    "support": 1004.0
  },
  "1": {
    "precision": 0.8677165354330708,
    "recall": 0.9378723404255319,
    "f1-score": 0.9014314928425358,
    "support": 1175.0
  },
  "2": {
    "precision": 0.9344941956882256,
    "recall": 0.9352697095435685,
    "f1-score": 0.93488179178764,
    "support": 1205.0
  },
  "3": {
    "precision": 0.9752229930624381,
    "recall": 0.9752229930624381,
    "f1-score": 0.9752229930624381,
    "support": 1009.0
  },
  "4": {
    "precision": 0.8690944881889764,
    "recall": 0.8699507389162562,
    "f1-score": 0.8695224027572624,
    "support": 1015.0
  },
  "5": {
    "precision": 0.8723186925434117,
    "recall": 0.8548548548548549,
    "f1-score": 0.8634984833164813,
    "support": 999.0
  },
  "6": {
    "precision": 0.9539078156312625,
    "recall": 0.9539078156312625,
    "f1-score": 0.9539078156312625,
    "support": 998.0
  },
  "7": {
    "precision": 0.8742632612966601,
    "recall": 0.8751229105211407,
    "f1-score": 0.8746928746928747,
    "support": 1017.0
  },
  "accuracy": 0.908216575635241,
  "macro avg": {
    "precision": 0.9090629928708944,
    "recall": 0.9069733775406963,
    "f1-score": 0.9076550944556124,
    "support": 8422.0
  },
  "weighted avg": {
    "precision": 0.9087536637386792,
    "recall": 0.908216575635241,
    "f1-score": 0.9081112174719957,
    "support": 8422.0
  }
}